Asset Name,Beta Coefficient,Intercept,Mean Squared Error,Coefficient of Determination (R^2 Score)
TIP,-0.09956200517697233,0.003112297140042034,0.00029704922962770885,0.0005586602753436809
gold,0.7009919634590798,0.0026610581372349326,0.0021471728890741252,0.0022165747366896804
^GSPC,0.435928365681904,0.004881336643784549,0.0019581640398423704,0.0016223830624551017
VNQ,1.0716198274199094,0.0038624124407656314,0.004476960638067016,0.004369840198884645
