Asset Name,Beta Coefficient,Intercept,Mean Squared Error,Coefficient of Determination (R^2 Score)
TIP,-0.09850381993409854,0.0029337160049513495,0.0002955380840486945,0.0005385868051214215
gold,0.7009919634590798,0.0026610581372349326,0.0021471728890741252,0.0022165747366896804
^GSPC,0.529121249063769,0.004649920040688585,0.0019506678491990523,0.002350185765994217
VNQ,1.101807372404124,0.0032225878555663745,0.0044151929115438865,0.004574241180083982
