Asset Name,Beta Coefficient,Intercept,Mean Squared Error,Coefficient of Determination (R^2 Score)
AAPL,-2.278529185953832,0.018527055214310834,0.005790096506013032,0.014361477876781437
gold,0.6262122829746598,-0.007009958129857041,0.001106403206082789,0.005726557855433412
