Asset Name,Beta Coefficient,Intercept,Mean Squared Error,Coefficient of Determination (R^2 Score)
gold,0.5657650253298214,0.005869398312049964,0.0023934621739632616,0.002203846699187162
TIP,-0.09850381993409821,0.002933716004951349,0.0002955380840486945,0.0005385868051214215
VNQ,1.1018073724041242,0.003222587855566374,0.0044151929115438865,0.004574241180083982
^GSPC,0.5291212490637687,0.004649920040688586,0.0019506678491990523,0.002350185765994217
