Asset Name,Beta Coefficient,Intercept,Mean Squared Error,Coefficient of Determination (R^2 Score)
gold,0.5657650253298214,0.005869398312049964,0.0023934621739632616,0.002203846699187162
TIP,-0.0985041454442086,0.0029337193858322017,0.00029553794776362676,0.0005385906110095817
VNQ,1.10180400525642,0.00322259413287995,0.004415197582252089,0.004574208533255408
^GSPC,0.5291212490637687,0.004649920040688586,0.0019506678491990523,0.002350185765994217
