Asset Name,CV Average R^2,CV R^2 Scores,Robust Beta Coefficient,Robust Intercept
TIP,-0.10997888083295342,[-0.11005211 -0.06530325 -0.05718906 -0.25068674 -0.06666325],-0.14210608144077222,0.004066536858906667
gold,-0.06913517036667964,[ 0.00187459 -0.13779857 -0.01047895 -0.14912296 -0.05014996],0.30779904797258567,0.00374695199371919
^GSPC,-0.07544353718225585,"[-6.25778534e-02 -2.48886148e-01 -1.54848412e-02  1.79423175e-04
 -5.04482668e-02]",0.0005153345123642127,0.010257114289428677
VNQ,-0.02355857216185091,[-0.03787123 -0.02404633 -0.06028367  0.00596249 -0.00155413],-1.1731318590465534,0.014735998093344225
