Asset Name,CV Average R^2,CV R^2 Scores,Robust Beta Coefficient,Robust Intercept
gold,-0.03142822825825968,[-0.02387572 -0.00113136 -0.00720217 -0.11733288 -0.00759901],-0.4156819924611595,0.00808714942189244
TIP,-0.10997888083295346,[-0.11005211 -0.06530325 -0.05718906 -0.25068674 -0.06666325],-0.1421060814407876,0.004066536858906696
VNQ,-0.02355857216185091,[-0.03787123 -0.02404633 -0.06028367  0.00596249 -0.00155413],-1.1731318590465138,0.014735998093344112
^GSPC,-0.07544353718225583,"[-6.25778534e-02 -2.48886148e-01 -1.54848412e-02  1.79423175e-04
 -5.04482668e-02]",0.0005153345123642125,0.010257114289428677
