Asset Name,CV Average R^2,CV R^2 Scores,Robust Beta Coefficient,Robust Intercept
gold,-0.021856107560446425,[-0.00903586 -0.00276761  0.00325153 -0.00395823 -0.09677036],-0.26912270924295145,0.007572130342497048
TIP,-0.057410739929331836,[-0.01507008 -0.12256084  0.00077129 -0.12295438 -0.0272397 ],-0.15787820483402057,0.003767143958211096
VNQ,-0.026044342049119273,[-0.06869621 -0.02525288 -0.04363084  0.00645766  0.00090056],-1.1747352534623774,0.01381229028687449
^GSPC,-0.12284416197265231,[-0.29612785 -0.08412788 -0.02755923 -0.0710047  -0.13540115],0.0006030801652459702,0.010070867948385343
