Asset Name,CV Average R^2,CV R^2 Scores,Robust Beta Coefficient,Robust Intercept
AAPL,-0.7781929132702162,[-0.24239485 -2.61219817 -0.38994051 -0.30878193 -0.33764911],-1.5428723043765808,0.013670577558837018
gold,-0.3074911764455841,[-0.38196107 -0.33126286 -0.2022195  -0.36369511 -0.25831734],1.3822554820791815,-0.015507291255918916
